cardboardraised, cardboardraised, 67, 1418, 66, 332, 127
cardboardraised, cardboardraised, 69, 1521, 52, 274, 94
cardboardraised, cardboardraised, 78, 1498, 50, 277, 107
cardboardraised, cardboardraised, 74, 1498, 46, 280, 112
cardboardraised, cardboardraised, 23, 1665, 31, 232, 59
cardboardraised, cardboardraised, 72, 1498, 51, 280, 109
cardboardraised, cardboardraised, 80, 1490, 50, 276, 114
cardboardraised, cardboardraised, 76, 1493, 46, 292, 103
cardboardraised, cardboardraised, 64, 1475, 56, 318, 97
cardboardraised, cardboardraised, 35, 1646, 29, 232, 68
cardboardraised, cardboardraised, 70, 1473, 47, 318, 102
cardboardraised, cardboardraised, 23, 1597, 35, 284, 71
cardboardraised, cardboardraised, 81, 1484, 47, 294, 104
cardboardraised, cardboardraised, 66, 1483, 49, 313, 99
cardboardraised, cardboardraised, 76, 1474, 47, 310, 103
cardboardraised, cardboardraised, 75, 1486, 47, 303, 99
cardboardraised, cardboardraised, 78, 1477, 51, 297, 107
cardboardraised, cardboardraised, 26, 1655, 31, 235, 63
cardboardraised, cardboardraised, 25, 1657, 32, 229, 67
cardboardraised, cardboardraised, 76, 1484, 50, 296, 104
